Rk,Season,Team,Comp,W,MP,W,D,L,Pts,Pts/MP,LgRank,Min,Subs,GF,GA,GD,Poss,CS,CS%,G-PK,PK,PKatt,PKm
1,2019-2020,Liverpool,eng Premier League,32,38,32,3,3,99,2.61,1st,3420,127,85,33,52,62.9,15,39.5,78,5,5,0
2,2023-2024,Inter,it Serie A,29,38,29,7,2,94,2.47,1st,3420,190,89,22,67,57.1,21,55.3,74,13,14,1
3,2023-2024,Real Madrid,es La Liga,29,38,29,8,1,95,2.5,1st,3420,164,87,26,61,59.2,21,55.3,83,2,5,3
4,2021-2022,Manchester City,eng Premier League,29,38,29,6,3,93,2.45,1st,3420,79,99,26,73,67.9,21,55.3,89,7,9,2
5,2023-2024,Arsenal,eng Premier League,28,38,28,5,5,89,2.34,2nd,3420,154,91,29,62,58.2,18,47.4,76,10,10,0
6,2023-2024,Leverkusen,de Bundesliga,28,34,28,6,0,90,2.65,1st,3060,142,89,24,65,61.8,16,47.1,79,8,8,0
7,2023-2024,Manchester City,eng Premier League,28,38,28,7,3,91,2.39,1st,3420,115,96,34,62,65.2,13,34.2,85,9,10,1
8,2022-2023,Napoli,it Serie A,28,38,28,6,4,90,2.37,1st,3420,181,77,28,49,61.8,18,47.4,67,8,10,2
9,2022-2023,Manchester City,eng Premier League,28,38,28,5,5,89,2.34,1st,3420,123,94,33,61,64.7,13,34.2,83,9,10,1
10,2022-2023,Barcelona,es La Liga,28,38,28,4,6,88,2.32,1st,3420,168,70,20,50,64.3,26,68.4,69,0,2,2
11,2021-2022,Liverpool,eng Premier League,28,38,28,8,2,92,2.42,2nd,3420,111,94,26,68,62.7,21,55.3,87,7,8,1
12,2020-2021,Inter,it Serie A,28,38,28,7,3,91,2.39,1st,3420,162,89,35,54,52.5,14,36.8,76,8,9,1
13,2022-2023,Paris S-G,fr Ligue 1,27,38,27,4,7,85,2.24,1st,3420,149,89,40,49,60.7,13,34.2,81,5,7,2
14,2020-2021,Manchester City,eng Premier League,27,38,27,5,6,86,2.26,1st,3420,77,83,32,51,63.5,19,50,77,5,9,4
15,2023-2024,Barcelona,es La Liga,26,38,26,7,5,85,2.24,2nd,3420,161,79,44,35,64.3,17,44.7,70,6,7,1
16,2022-2023,Arsenal,eng Premier League,26,38,26,6,6,84,2.21,2nd,3420,150,88,43,45,59.3,14,36.8,81,3,4,1
17,2021-2022,Real Madrid,es La Liga,26,38,26,8,4,86,2.26,1st,3420,163,80,31,49,59.9,16,42.1,72,8,12,4
18,2021-2022,Milan,it Serie A,26,38,26,8,4,86,2.26,1st,3420,173,69,31,38,54,18,47.4,61,5,8,3
19,2021-2022,Paris S-G,fr Ligue 1,26,38,26,8,4,86,2.26,1st,3420,140,90,36,54,63,13,34.2,81,7,8,1
20,2020-2021,Paris S-G,fr Ligue 1,26,38,26,4,8,82,2.16,2nd,3420,160,86,28,58,63.1,19,50,72,12,13,1
21,2020-2021,Atlético Madrid,es La Liga,26,38,26,8,4,86,2.26,1st,3420,148,67,25,42,52.3,18,47.4,60,5,7,2
22,2019-2020,Bayern Munich,de Bundesliga,26,34,26,4,4,82,2.41,1st,3060,104,100,32,68,65.1,15,44.1,91,6,6,0
23,2019-2020,Real Madrid,es La Liga,26,38,26,9,3,87,2.29,1st,3420,120,70,25,45,58.8,19,50,58,11,11,0
24,2019-2020,Manchester City,eng Premier League,26,38,26,3,9,81,2.13,2nd,3420,120,102,35,67,66.2,17,44.7,94,6,11,5
25,2019-2020,Juventus,it Serie A,26,38,26,5,7,83,2.18,1st,3420,127,76,43,33,58.1,12,31.6,60,13,14,1
26,2023-2024,Girona,es La Liga,25,38,25,6,7,81,2.13,3rd,3420,167,85,46,39,56.9,12,31.6,77,7,8,1
27,2022-2023,Lens,fr Ligue 1,25,38,25,9,4,84,2.21,2nd,3420,169,68,29,39,55.6,15,39.5,60,6,9,3
28,2021-2022,Inter,it Serie A,25,38,25,9,4,84,2.21,2nd,3420,186,84,32,52,56.5,15,39.5,76,7,11,4
29,2020-2021,Real Madrid,es La Liga,25,38,25,9,4,84,2.21,2nd,3420,137,67,28,39,59.3,17,44.7,61,3,3,0
30,2019-2020,Barcelona,es La Liga,25,38,25,7,6,82,2.16,2nd,3420,123,86,38,48,66.4,15,39.5,78,6,6,0
31,2023-2024,Liverpool,eng Premier League,24,38,24,10,4,82,2.16,3rd,3420,166,86,41,45,61.3,10,26.3,74,6,9,3
32,2023-2024,Atlético Madrid,es La Liga,24,38,24,4,10,76,2,4th,3420,183,70,43,27,50.8,13,34.2,63,5,6,1
33,2022-2023,Real Madrid,es La Liga,24,38,24,6,8,78,2.05,2nd,3420,151,75,36,39,60.9,13,34.2,64,9,12,3
34,2021-2022,Bayern Munich,de Bundesliga,24,34,24,5,5,77,2.26,1st,3060,149,97,37,60,64.5,11,32.4,87,5,5,0
35,2021-2022,Napoli,it Serie A,24,38,24,7,7,79,2.08,3rd,3420,172,74,31,43,58.3,16,42.1,64,10,14,4
36,2020-2021,Monaco,fr Ligue 1,24,38,24,6,8,78,2.05,3rd,3420,180,76,42,34,55.8,15,39.5,64,12,15,3
37,2020-2021,Bayern Munich,de Bundesliga,24,34,24,6,4,78,2.29,1st,3060,137,99,44,55,60.7,9,26.5,89,9,10,1
38,2020-2021,Barcelona,es La Liga,24,38,24,7,7,79,2.08,3rd,3420,158,85,38,47,65.5,14,36.8,76,4,8,4
39,2020-2021,Milan,it Serie A,24,38,24,7,7,79,2.08,2nd,3420,156,74,41,33,51.7,14,36.8,57,15,20,5
40,2020-2021,Napoli,it Serie A,24,38,24,5,9,77,2.03,5th,3420,169,86,41,45,55.1,14,36.8,76,7,8,1
41,2020-2021,Lille,fr Ligue 1,24,38,24,11,3,83,2.18,1st,3420,169,64,23,41,53.8,21,55.3,57,5,5,0
42,2020-2021,Sevilla,es La Liga,24,38,24,5,9,77,2.03,4th,3420,184,53,33,20,60.9,17,44.7,46,6,7,1
43,2019-2020,Lazio,it Serie A,24,38,24,6,8,78,2.05,4th,3420,137,79,42,37,50.4,11,28.9,62,15,18,3
44,2019-2020,Inter,it Serie A,24,38,24,10,4,82,2.16,2nd,3420,134,81,36,45,54.2,14,36.8,70,10,11,1
45,2023-2024,Bayern Munich,de Bundesliga,23,34,23,3,8,72,2.12,3rd,3060,143,94,45,49,61.3,11,32.4,88,5,5,0
46,2023-2024,Stuttgart,de Bundesliga,23,34,23,4,7,73,2.15,2nd,3060,157,78,39,39,59.9,12,35.3,73,5,8,3
47,2022-2023,Atlético Madrid,es La Liga,23,38,23,8,7,77,2.03,3rd,3420,168,70,33,37,50.6,13,34.2,67,1,1,0
48,2022-2023,Inter,it Serie A,23,38,23,3,12,72,1.89,3rd,3420,187,71,42,29,55.7,13,34.2,64,4,5,1
49,2022-2023,Manchester Utd,eng Premier League,23,38,23,6,9,75,1.97,3rd,3420,149,58,43,15,53.7,17,44.7,53,3,3,0
50,2020-2021,Juventus,it Serie A,23,38,23,9,6,78,2.05,4th,3420,146,77,38,39,56.9,8,21.1,68,8,10,2
51,2020-2021,Atalanta,it Serie A,23,38,23,9,6,78,2.05,3rd,3420,176,90,47,43,54.6,11,28.9,84,6,7,1
52,2019-2020,Atalanta,it Serie A,23,38,23,9,6,78,2.05,3rd,3420,134,98,48,50,57.2,10,26.3,89,7,10,3
53,2023-2024,Paris S-G,fr Ligue 1,22,34,22,10,2,76,2.24,1st,3060,141,81,33,48,65.2,12,35.3,71,7,9,2
54,2023-2024,Milan,it Serie A,22,38,22,9,7,75,1.97,2nd,3420,176,76,49,27,56.9,13,34.2,70,6,8,2
55,2022-2023,Juventus,it Serie A,22,38,22,6,10,72,1.89,7th,3420,169,56,33,23,49.6,20,52.6,53,3,6,3
56,2022-2023,Dortmund,de Bundesliga,22,34,22,5,7,71,2.09,2nd,3060,151,83,44,39,58.2,12,35.3,77,4,6,2
57,2022-2023,Lazio,it Serie A,22,38,22,8,8,74,1.95,2nd,3420,149,60,30,30,52.1,21,55.3,53,6,8,2
58,2022-2023,Marseille,fr Ligue 1,22,38,22,7,9,73,1.92,3rd,3420,163,67,40,27,56.7,10,26.3,55,6,7,1
59,2021-2022,Tottenham,eng Premier League,22,38,22,5,11,71,1.87,4th,3420,106,69,40,29,51.8,16,42.1,58,5,5,0
60,2021-2022,Dortmund,de Bundesliga,22,34,22,3,9,69,2.03,2nd,3060,142,85,52,33,59.2,7,20.6,70,11,11,0
61,2021-2022,Arsenal,eng Premier League,22,38,22,3,13,69,1.82,5th,3420,110,61,48,13,52.8,13,34.2,55,5,8,3
62,2020-2021,Lyon,fr Ligue 1,22,38,22,10,6,76,2,4th,3420,175,81,43,38,54.9,11,28.9,65,11,11,0
63,2019-2020,Paris S-G,fr Ligue 1,22,27,22,2,3,68,2.52,1st,2430,79,75,24,51,65.2,14,51.9,65,6,8,2
64,2023-2024,Atalanta,it Serie A,21,38,21,6,11,69,1.82,4th,3420,188,72,42,30,51,15,39.5,67,5,5,0
65,2022-2023,Real Sociedad,es La Liga,21,38,21,8,9,71,1.87,4th,3420,178,51,35,16,54.6,15,39.5,45,2,4,2
66,2022-2023,Rennes,fr Ligue 1,21,38,21,5,12,68,1.79,4th,3420,174,69,39,30,55.4,13,34.2,63,3,3,0
67,2022-2023,Bayern Munich,de Bundesliga,21,34,21,8,5,71,2.09,1st,3060,155,92,38,54,64.2,11,32.4,87,3,5,2
68,2021-2022,Marseille,fr Ligue 1,21,38,21,8,9,71,1.87,2nd,3420,144,63,38,25,61.7,15,39.5,51,10,10,0
69,2021-2022,Barcelona,es La Liga,21,38,21,10,7,73,1.92,2nd,3420,159,68,38,30,64.2,11,28.9,62,6,7,1
70,2021-2022,Chelsea,eng Premier League,21,38,21,11,6,74,1.95,3rd,3420,111,76,33,43,61.8,16,42.1,67,8,9,1
71,2021-2022,Atlético Madrid,es La Liga,21,38,21,8,9,71,1.87,3rd,3420,170,65,43,22,50.6,12,31.6,59,4,5,1
72,2020-2021,Manchester Utd,eng Premier League,21,38,21,11,6,74,1.95,2nd,3420,99,73,44,29,55.7,13,34.2,60,10,11,1
73,2020-2021,Lazio,it Serie A,21,38,21,5,12,68,1.79,6th,3420,189,61,55,6,53,12,31.6,53,6,10,4
74,2019-2020,Dortmund,de Bundesliga,21,34,21,6,7,69,2.03,2nd,3060,111,84,41,43,60.4,15,44.1,82,2,2,0
75,2019-2020,Roma,it Serie A,21,38,21,7,10,70,1.84,5th,3420,131,77,51,26,52.7,7,18.4,61,12,14,2
76,2023-2024,Aston Villa,eng Premier League,20,38,20,8,10,68,1.79,4th,3420,151,76,61,15,53.1,8,21.1,68,4,4,0
77,2023-2024,Monaco,fr Ligue 1,20,34,20,7,7,67,1.97,2nd,3060,125,68,42,26,53.6,12,35.3,64,2,5,3
78,2023-2024,Tottenham,eng Premier League,20,38,20,6,12,66,1.74,5th,3420,170,74,61,13,61.6,7,18.4,67,2,2,0
79,2022-2023,Milan,it Serie A,20,38,20,10,8,70,1.84,4th,3420,183,64,43,21,55.6,12,31.6,56,5,5,0
80,2022-2023,RB Leipzig,de Bundesliga,20,34,20,6,8,66,1.94,3rd,3060,158,64,41,23,58.1,10,29.4,58,6,7,1
81,2021-2022,Rennes,fr Ligue 1,20,38,20,6,12,66,1.74,4th,3420,168,82,40,42,55.9,14,36.8,77,4,4,0
82,2021-2022,Nice,fr Ligue 1,20,38,20,7,11,67,1.76,5th,3420,169,52,36,16,51.5,14,36.8,44,8,10,2
83,2021-2022,Monaco,fr Ligue 1,20,38,20,9,9,69,1.82,3rd,3420,168,65,40,25,54.1,11,28.9,53,9,9,0
84,2021-2022,Juventus,it Serie A,20,38,20,10,8,70,1.84,4th,3420,161,57,37,20,51.5,13,34.2,51,5,6,1
85,2020-2021,Liverpool,eng Premier League,20,38,20,9,9,69,1.82,3rd,3420,104,68,42,26,62.1,12,31.6,59,6,6,0
86,2020-2021,Leicester City,eng Premier League,20,38,20,6,12,66,1.74,5th,3420,99,68,50,18,54.3,11,28.9,54,10,12,2
87,2020-2021,Dortmund,de Bundesliga,20,34,20,4,10,64,1.88,3rd,3060,139,75,46,29,59.6,11,32.4,71,3,7,4
88,2019-2020,Gladbach,de Bundesliga,20,34,20,5,9,65,1.91,4th,3060,112,66,40,26,52.4,7,20.6,60,4,6,2
89,2019-2020,Chelsea,eng Premier League,20,38,20,6,12,66,1.74,4th,3420,117,69,54,15,60.4,9,23.7,62,7,7,0
90,2023-2024,RB Leipzig,de Bundesliga,19,34,19,8,7,65,1.91,4th,3060,165,77,39,38,55.3,10,29.4,70,4,7,3
91,2023-2024,Juventus,it Serie A,19,38,19,14,5,71,1.87,3rd,3420,173,54,31,23,48.5,17,44.7,49,3,5,2
92,2023-2024,Athletic Club,es La Liga,19,38,19,11,8,68,1.79,5th,3420,188,61,37,24,49.8,18,47.4,56,3,5,2
93,2022-2023,Monaco,fr Ligue 1,19,38,19,8,11,65,1.71,6th,3420,155,70,58,12,48.2,9,23.7,64,5,8,3
94,2022-2023,Lille,fr Ligue 1,19,38,19,10,9,67,1.76,5th,3420,142,65,44,21,60.5,10,26.3,54,11,12,1
95,2022-2023,Newcastle Utd,eng Premier League,19,38,19,14,5,71,1.87,4th,3420,155,68,33,35,52.3,14,36.8,58,6,6,0
96,2022-2023,Atalanta,it Serie A,19,38,19,7,12,64,1.68,5th,3420,175,66,48,18,49.9,9,23.7,58,6,8,2
97,2022-2023,Liverpool,eng Premier League,19,38,19,10,9,67,1.76,5th,3420,164,75,47,28,60.8,14,36.8,69,2,4,2
98,2022-2023,Villarreal,es La Liga,19,38,19,7,12,64,1.68,5th,3420,172,59,40,19,56.9,12,31.6,53,4,7,3
99,2021-2022,Fiorentina,it Serie A,19,38,19,5,14,62,1.63,7th,3420,179,59,51,8,57.7,11,28.9,50,9,12,3
100,2021-2022,Leverkusen,de Bundesliga,19,34,19,7,8,64,1.88,3rd,3060,154,80,47,33,53.7,8,23.5,74,2,6,4
101,2021-2022,Betis,es La Liga,19,38,19,8,11,65,1.71,5th,3420,161,62,40,22,53.7,13,34.2,54,6,6,0
102,2020-2021,West Ham,eng Premier League,19,38,19,8,11,65,1.71,6th,3420,99,62,47,15,43.2,11,28.9,58,2,4,2
103,2020-2021,Chelsea,eng Premier League,19,38,19,10,9,67,1.76,4th,3420,108,58,36,22,60.9,18,47.4,48,8,10,2
104,2020-2021,RB Leipzig,de Bundesliga,19,34,19,8,7,65,1.91,2nd,3060,154,60,32,28,59.7,15,44.1,51,8,10,2
105,2019-2020,Sevilla,es La Liga,19,38,19,13,6,70,1.84,4th,3420,133,54,34,20,57.9,17,44.7,46,7,7,0
106,2019-2020,Leverkusen,de Bundesliga,19,34,19,6,9,63,1.85,5th,3060,113,61,44,17,63.2,10,29.4,55,2,2,0
107,2019-2020,Milan,it Serie A,19,38,19,9,10,66,1.74,6th,3420,128,63,46,17,54.9,12,31.6,52,8,9,1
108,2023-2024,Manchester Utd,eng Premier League,18,38,18,6,14,60,1.58,8th,3420,153,57,58,-1,50.6,9,23.7,51,6,7,1
109,2023-2024,Bologna,it Serie A,18,38,18,14,6,68,1.79,5th,3420,174,54,32,22,58.1,17,44.7,48,4,5,1
110,2023-2024,Dortmund,de Bundesliga,18,34,18,9,7,63,1.85,5th,3060,153,68,43,25,57.8,10,29.4,62,6,6,0
111,2023-2024,Lazio,it Serie A,18,38,18,7,13,61,1.61,7th,3420,183,49,39,10,53.3,13,34.2,42,4,4,0
112,2023-2024,Newcastle Utd,eng Premier League,18,38,18,6,14,60,1.58,7th,3420,149,85,62,23,52.2,10,26.3,75,8,9,1
113,2023-2024,Chelsea,eng Premier League,18,38,18,9,11,63,1.66,6th,3420,148,77,63,14,58.6,8,21.1,65,11,12,1
114,2023-2024,Roma,it Serie A,18,38,18,9,11,63,1.66,6th,3420,171,65,46,19,54.9,11,28.9,53,11,12,1
115,2022-2023,Lyon,fr Ligue 1,18,38,18,8,12,62,1.63,7th,3420,141,65,47,18,58.1,8,21.1,57,6,8,2
116,2022-2023,Brighton,eng Premier League,18,38,18,8,12,62,1.63,6th,3420,143,72,53,19,60.2,12,31.6,62,6,6,0
117,2022-2023,Roma,it Serie A,18,38,18,9,11,63,1.66,6th,3420,168,50,38,12,48.6,14,36.8,43,7,10,3
118,2022-2023,Aston Villa,eng Premier League,18,38,18,7,13,61,1.61,7th,3420,144,51,46,5,49.3,12,31.6,46,3,4,1
119,2022-2023,Union Berlin,de Bundesliga,18,34,18,8,8,62,1.82,4th,3060,165,51,38,13,43.8,13,38.2,46,3,7,4
120,2022-2023,Tottenham,eng Premier League,18,38,18,6,14,60,1.58,8th,3420,140,70,63,7,50,10,26.3,63,5,6,1
121,2021-2022,Lazio,it Serie A,18,38,18,10,10,64,1.68,5th,3420,155,77,58,19,55.4,9,23.7,67,7,9,2
122,2021-2022,Sevilla,es La Liga,18,38,18,16,4,70,1.84,4th,3420,179,53,30,23,59.4,17,44.7,49,2,3,1
123,2021-2022,Roma,it Serie A,18,38,18,9,11,63,1.66,6th,3420,151,59,43,16,51.4,15,39.5,51,7,9,2
124,2020-2021,Arsenal,eng Premier League,18,38,18,7,13,61,1.61,8th,3420,114,55,39,16,53.5,12,31.6,47,6,6,0
125,2020-2021,Tottenham,eng Premier League,18,38,18,8,12,62,1.63,7th,3420,112,68,45,23,51.6,12,31.6,61,5,5,0
126,2020-2021,Leeds United,eng Premier League,18,38,18,5,15,59,1.55,9th,3420,107,62,54,8,57.3,12,31.6,56,4,4,0
127,2020-2021,Roma,it Serie A,18,38,18,8,12,62,1.63,7th,3420,153,68,58,10,52.2,11,28.9,60,7,8,1
128,2019-2020,Manchester Utd,eng Premier League,18,38,18,12,8,66,1.74,3rd,3420,119,66,36,30,55.8,13,34.2,55,10,14,4
129,2019-2020,Villarreal,es La Liga,18,38,18,6,14,60,1.58,5th,3420,132,63,49,14,52.9,12,31.6,52,10,11,1
130,2019-2020,Leicester City,eng Premier League,18,38,18,8,12,62,1.63,5th,3420,112,67,41,26,57.1,13,34.2,60,5,7,2
131,2019-2020,RB Leipzig,de Bundesliga,18,34,18,12,4,66,1.94,3rd,3060,113,81,37,44,55.3,10,29.4,76,5,5,0
132,2019-2020,Napoli,it Serie A,18,38,18,8,12,62,1.63,7th,3420,135,61,50,11,59.2,7,18.4,55,5,5,0
133,2019-2020,Atlético Madrid,es La Liga,18,38,18,16,4,70,1.84,3rd,3420,130,51,27,24,48.6,17,44.7,44,6,8,2
134,2023-2024,Brest,fr Ligue 1,17,34,17,10,7,61,1.79,3rd,3060,155,53,34,19,53.6,15,44.1,47,4,4,0
135,2023-2024,Fiorentina,it Serie A,17,38,17,9,12,60,1.58,8th,3420,184,61,46,15,57.4,8,21.1,56,4,8,4
136,2022-2023,Betis,es La Liga,17,38,17,9,12,60,1.58,6th,3420,165,46,41,5,50.6,13,34.2,35,8,9,1
137,2022-2023,Clermont Foot,fr Ligue 1,17,38,17,8,13,59,1.55,8th,3420,167,45,49,-4,48.3,10,26.3,37,7,10,3
138,2022-2023,Freiburg,de Bundesliga,17,34,17,8,9,59,1.74,5th,3060,157,51,44,7,48.1,13,38.2,44,7,8,1
139,2021-2022,RB Leipzig,de Bundesliga,17,34,17,7,10,58,1.71,4th,3060,154,72,37,35,56.1,10,29.4,64,8,9,1
140,2021-2022,Strasbourg,fr Ligue 1,17,38,17,12,9,63,1.66,6th,3420,145,60,43,17,49.5,14,36.8,50,6,8,2
141,2021-2022,Lyon,fr Ligue 1,17,38,17,11,10,62,1.63,8th,3420,139,66,51,15,58.4,9,23.7,56,8,8,0
142,2021-2022,Lens,fr Ligue 1,17,38,17,11,10,62,1.63,7th,3420,170,62,48,14,50.7,8,21.1,55,5,5,0
143,2021-2022,Real Sociedad,es La Liga,17,38,17,11,10,62,1.63,6th,3420,179,40,37,3,54.3,20,52.6,31,9,10,1
144,2020-2021,Betis,es La Liga,17,38,17,10,11,61,1.61,6th,3420,155,50,50,0,53.6,13,34.2,42,8,11,3
145,2020-2021,Real Sociedad,es La Liga,17,38,17,11,10,62,1.63,5th,3420,177,59,38,21,54.9,14,36.8,49,9,12,3
146,2020-2021,Sassuolo,it Serie A,17,38,17,11,10,62,1.63,8th,3420,180,64,56,8,60.3,8,21.1,48,13,14,1
147,2020-2021,Wolfsburg,de Bundesliga,17,34,17,10,7,61,1.79,4th,3060,128,61,37,24,51.1,14,41.2,55,2,3,1
148,2020-2021,Everton,eng Premier League,17,38,17,8,13,59,1.55,10th,3420,106,47,48,-1,46.4,12,31.6,41,4,5,1
149,2023-2024,Real Sociedad,es La Liga,16,38,16,12,10,60,1.58,6th,3420,178,51,39,12,55.3,15,39.5,44,4,4,0
150,2023-2024,Lyon,fr Ligue 1,16,34,16,5,13,53,1.56,6th,3060,142,49,55,-6,51.8,10,29.4,44,4,4,0
151,2023-2024,Lille,fr Ligue 1,16,34,16,11,7,59,1.74,4th,3060,130,52,34,18,56.6,15,44.1,48,2,3,1
152,2021-2022,West Ham,eng Premier League,16,38,16,8,14,56,1.47,7th,3420,95,60,51,9,47.9,8,21.1,54,4,6,2
153,2021-2022,Union Berlin,de Bundesliga,16,34,16,9,9,57,1.68,5th,3060,154,50,44,6,43.7,8,23.5,45,5,5,0
154,2021-2022,Atalanta,it Serie A,16,38,16,11,11,59,1.55,8th,3420,180,65,48,17,55,10,26.3,57,5,6,1
155,2021-2022,Villarreal,es La Liga,16,38,16,11,11,59,1.55,7th,3420,183,63,37,26,56.8,14,36.8,57,5,6,1
156,2021-2022,Manchester Utd,eng Premier League,16,38,16,10,12,58,1.53,6th,3420,114,57,57,0,52.7,8,21.1,53,3,5,2
157,2020-2021,Eint Frankfurt,de Bundesliga,16,34,16,12,6,60,1.76,5th,3060,136,69,53,16,53.7,4,11.8,55,8,8,0
158,2020-2021,Marseille,fr Ligue 1,16,38,16,12,10,60,1.58,5th,3420,153,54,47,7,53.6,8,21.1,49,4,7,3
159,2020-2021,Aston Villa,eng Premier League,16,38,16,7,15,55,1.45,11th,3420,91,55,46,9,48.5,15,39.5,47,5,6,1
160,2020-2021,Rennes,fr Ligue 1,16,38,16,10,12,58,1.53,6th,3420,154,52,40,12,59.1,10,26.3,47,3,3,0
161,2019-2020,Tottenham,eng Premier League,16,38,16,11,11,59,1.55,6th,3420,113,61,47,14,52,8,21.1,53,3,4,1
162,2019-2020,Marseille,fr Ligue 1,16,28,16,8,4,56,2,2nd,2520,82,41,29,12,53.5,11,39.3,34,4,6,2
163,2019-2020,Granada,es La Liga,16,38,16,8,14,56,1.47,7th,3420,133,52,45,7,43.8,13,34.2,45,5,5,0
164,2019-2020,Real Sociedad,es La Liga,16,38,16,8,14,56,1.47,6th,3420,126,56,48,8,56.2,9,23.7,50,4,5,1
165,2023-2024,Nice,fr Ligue 1,15,34,15,10,9,55,1.62,5th,3060,160,40,29,11,52.4,17,50,33,6,7,1
166,2022-2023,Brentford,eng Premier League,15,38,15,14,9,59,1.55,9th,3420,171,58,46,12,43.8,12,31.6,49,7,8,1
167,2022-2023,Fulham,eng Premier League,15,38,15,7,16,52,1.37,10th,3420,152,55,53,2,48.8,9,23.7,47,5,9,4
168,2022-2023,Osasuna,es La Liga,15,38,15,8,15,53,1.39,7th,3420,183,37,42,-5,48,11,28.9,32,4,5,1
169,2022-2023,Nice,fr Ligue 1,15,38,15,13,10,58,1.53,9th,3420,162,48,37,11,51.5,11,28.9,41,6,7,1
170,2022-2023,Lorient,fr Ligue 1,15,38,15,10,13,55,1.45,10th,3420,145,52,53,-1,46.6,8,21.1,45,4,6,2
171,2022-2023,Montpellier,fr Ligue 1,15,38,15,5,18,50,1.32,12th,3420,170,65,62,3,45.8,11,28.9,57,7,7,0
172,2022-2023,Fiorentina,it Serie A,15,38,15,11,12,56,1.47,8th,3420,188,53,43,10,56.1,10,26.3,47,4,6,2
173,2021-2022,Nantes,fr Ligue 1,15,38,15,10,13,55,1.45,9th,3420,159,55,48,7,43.9,8,21.1,48,5,5,0
174,2021-2022,Freiburg,de Bundesliga,15,34,15,10,9,55,1.62,6th,3060,157,58,46,12,49,10,29.4,50,5,6,1
175,2021-2022,Wolves,eng Premier League,15,38,15,6,17,51,1.34,10th,3420,107,38,43,-5,49.5,11,28.9,34,1,1,0
176,2020-2021,Sampdoria,it Serie A,15,38,15,7,16,52,1.37,9th,3420,153,52,54,-2,45.2,7,18.4,47,5,6,1
177,2020-2021,Lens,fr Ligue 1,15,38,15,12,11,57,1.5,7th,3420,164,55,54,1,51.1,8,21.1,43,10,12,2
178,2020-2021,Nice,fr Ligue 1,15,38,15,7,16,52,1.37,9th,3420,137,50,53,-3,54.3,9,23.7,42,7,7,0
179,2020-2021,Villarreal,es La Liga,15,38,15,13,10,58,1.53,7th,3420,165,60,44,16,55.2,10,26.3,45,12,13,1
180,2019-2020,Hoffenheim,de Bundesliga,15,34,15,7,12,52,1.53,6th,3060,114,53,53,0,51.6,8,23.5,49,3,4,1
181,2019-2020,Wolves,eng Premier League,15,38,15,14,9,59,1.55,7th,3420,97,51,40,11,48.3,13,34.2,45,4,4,0
182,2019-2020,Lille,fr Ligue 1,15,28,15,4,9,49,1.75,4th,2520,80,35,27,8,52.9,12,42.9,30,5,8,3
183,2019-2020,Southampton,eng Premier League,15,38,15,7,16,52,1.37,11th,3420,111,51,60,-9,48.9,9,23.7,49,2,5,3
184,2019-2020,Rennes,fr Ligue 1,15,28,15,5,8,50,1.79,3rd,2520,83,38,24,14,49.6,10,35.7,34,3,5,2
185,2019-2020,Burnley,eng Premier League,15,38,15,9,14,54,1.42,10th,3420,74,43,50,-7,41.9,15,39.5,38,3,3,0
186,2023-2024,West Ham,eng Premier League,14,38,14,10,14,52,1.37,9th,3420,109,60,74,-14,41.1,5,13.2,54,4,5,1
187,2023-2024,Betis,es La Liga,14,38,14,15,9,57,1.5,7th,3420,164,48,45,3,50.4,13,34.2,44,2,3,1
188,2023-2024,Lens,fr Ligue 1,14,34,14,9,11,51,1.5,7th,3060,163,45,37,8,52.9,14,41.2,39,6,7,1
189,2023-2024,Villarreal,es La Liga,14,38,14,11,13,53,1.39,8th,3420,178,65,65,0,49.6,6,15.8,59,5,7,2
190,2022-2023,Athletic Club,es La Liga,14,38,14,9,15,51,1.34,8th,3420,182,47,43,4,51.6,11,28.9,41,5,7,2
191,2022-2023,Mallorca,es La Liga,14,38,14,8,16,50,1.32,9th,3420,165,37,43,-6,41.1,13,34.2,32,4,5,1
192,2022-2023,Leverkusen,de Bundesliga,14,34,14,8,12,50,1.47,6th,3060,150,57,49,8,52,9,26.5,52,5,7,2
193,2022-2023,Monza,it Serie A,14,38,14,10,14,52,1.37,11th,3420,188,48,52,-4,55.2,10,26.3,41,5,6,1
194,2022-2023,Bologna,it Serie A,14,38,14,12,12,54,1.42,9th,3420,164,53,49,4,54.7,8,21.1,46,6,6,0
195,2022-2023,Torino,it Serie A,14,38,14,11,13,53,1.39,10th,3420,164,42,41,1,53.2,11,28.9,39,2,2,0
196,2021-2022,Leicester City,eng Premier League,14,38,14,10,14,52,1.37,8th,3420,109,62,59,3,52,7,18.4,60,2,2,0
197,2021-2022,Hellas Verona,it Serie A,14,38,14,11,13,53,1.39,9th,3420,165,65,59,6,50.6,4,10.5,56,7,8,1
198,2021-2022,Lille,fr Ligue 1,14,38,14,13,11,55,1.45,10th,3420,145,48,48,0,50.8,10,26.3,41,4,5,1
199,2021-2022,Athletic Club,es La Liga,14,38,14,13,11,55,1.45,8th,3420,180,43,36,7,48.1,13,34.2,37,3,7,4
200,2021-2022,Köln,de Bundesliga,14,34,14,10,10,52,1.53,7th,3060,158,52,49,3,54.8,4,11.8,51,1,1,0
201,2020-2021,Montpellier,fr Ligue 1,14,38,14,12,12,54,1.42,8th,3420,162,60,62,-2,45.7,5,13.2,58,2,5,3
202,2020-2021,Leverkusen,de Bundesliga,14,34,14,10,10,52,1.53,6th,3060,123,53,39,14,59.7,9,26.5,49,3,3,0
203,2020-2021,Celta Vigo,es La Liga,14,38,14,11,13,53,1.39,8th,3420,137,55,57,-2,53.3,9,23.7,48,7,7,0
204,2019-2020,Arsenal,eng Premier League,14,38,14,14,10,56,1.47,8th,3420,123,56,48,8,53.8,10,26.3,53,3,3,0
205,2019-2020,Sheffield Utd,eng Premier League,14,38,14,12,12,54,1.42,9th,3420,110,39,39,0,43.1,13,34.2,35,1,1,0
206,2019-2020,Getafe,es La Liga,14,38,14,12,12,54,1.42,8th,3420,128,43,37,6,45,15,39.5,36,6,7,1
207,2019-2020,Levante,es La Liga,14,38,14,7,17,49,1.29,12th,3420,134,47,53,-6,48.3,6,15.8,40,5,5,0
208,2019-2020,Valencia,es La Liga,14,38,14,11,13,53,1.39,9th,3420,132,46,53,-7,49,8,21.1,40,5,8,3
209,2019-2020,Sassuolo,it Serie A,14,38,14,9,15,51,1.34,8th,3420,138,69,63,6,57.5,7,18.4,64,5,6,1
210,2019-2020,Parma,it Serie A,14,38,14,7,17,49,1.29,11th,3420,136,56,57,-1,43.8,6,15.8,49,4,6,2
211,2023-2024,Hoffenheim,de Bundesliga,13,34,13,7,14,46,1.35,7th,3060,153,66,66,0,49.5,2,5.9,59,6,6,0
212,2023-2024,Torino,it Serie A,13,38,13,14,11,53,1.39,9th,3420,160,36,36,0,51.6,18,47.4,33,2,2,0
213,2023-2024,Crystal Palace,eng Premier League,13,38,13,10,15,49,1.29,10th,3420,126,57,58,-1,42.3,10,26.3,52,4,4,0
214,2023-2024,Bournemouth,eng Premier League,13,38,13,9,16,48,1.26,12th,3420,170,54,67,-13,44.4,9,23.7,50,2,3,1
215,2023-2024,Marseille,fr Ligue 1,13,34,13,11,10,50,1.47,8th,3060,137,52,41,11,53.7,7,20.6,46,4,4,0
216,2023-2024,Reims,fr Ligue 1,13,34,13,8,13,47,1.38,9th,3060,155,42,47,-5,50.4,8,23.5,37,3,4,1
217,2023-2024,Wolves,eng Premier League,13,38,13,7,18,46,1.21,14th,3420,146,50,65,-15,48.9,5,13.2,43,4,4,0
218,2023-2024,Everton,eng Premier League,13,38,13,9,16,48,1.26,15th,3420,121,40,51,-11,40.8,13,34.2,38,2,3,1
219,2023-2024,Napoli,it Serie A,13,38,13,14,11,53,1.39,10th,3420,171,55,48,7,60.9,7,18.4,48,6,10,4
220,2023-2024,Valencia,es La Liga,13,38,13,10,15,49,1.29,9th,3420,179,40,45,-5,44.3,13,34.2,31,8,9,1
221,2023-2024,Fulham,eng Premier League,13,38,13,8,17,47,1.24,13th,3420,170,55,61,-6,50.6,10,26.3,52,2,2,0
222,2022-2023,Toulouse,fr Ligue 1,13,38,13,9,16,48,1.26,13th,3420,162,51,57,-6,51.3,9,23.7,46,4,4,0
223,2022-2023,Wolfsburg,de Bundesliga,13,34,13,10,11,49,1.44,8th,3060,158,57,48,9,50.6,12,35.3,51,4,7,3
224,2022-2023,Girona,es La Liga,13,38,13,10,15,49,1.29,10th,3420,179,58,55,3,51.3,4,10.5,47,8,9,1
225,2022-2023,Rayo Vallecano,es La Liga,13,38,13,10,15,49,1.29,11th,3420,183,45,53,-8,51.2,9,23.7,37,4,8,4
226,2022-2023,Sevilla,es La Liga,13,38,13,10,15,49,1.29,12th,3420,177,47,54,-7,52.6,9,23.7,43,4,5,1
227,2022-2023,Eint Frankfurt,de Bundesliga,13,34,13,11,10,50,1.47,7th,3060,148,58,52,6,52.9,6,17.6,50,6,6,0
228,2021-2022,Hoffenheim,de Bundesliga,13,34,13,7,14,46,1.35,9th,3060,155,58,60,-2,53.2,8,23.5,55,0,0,0
229,2021-2022,Torino,it Serie A,13,38,13,11,14,50,1.32,10th,3420,163,46,41,5,53.3,9,23.7,37,6,6,0
230,2021-2022,Aston Villa,eng Premier League,13,38,13,6,19,45,1.18,14th,3420,113,52,54,-2,46.5,11,28.9,47,3,3,0
231,2021-2022,Mainz 05,de Bundesliga,13,34,13,7,14,46,1.35,8th,3060,150,50,45,5,46.5,10,29.4,45,4,4,0
232,2021-2022,Newcastle Utd,eng Premier League,13,38,13,10,15,49,1.29,11th,3420,108,44,62,-18,40.4,8,21.1,38,3,3,0
233,2021-2022,Brentford,eng Premier League,13,38,13,7,18,46,1.21,13th,3420,114,48,56,-8,44.8,9,23.7,40,6,6,0
234,2021-2022,Sassuolo,it Serie A,13,38,13,11,14,50,1.32,11th,3420,165,64,66,-2,54.9,3,7.9,53,7,7,0
235,2021-2022,Brest,fr Ligue 1,13,38,13,9,16,48,1.26,11th,3420,146,49,57,-8,43.9,7,18.4,41,7,8,1
236,2020-2021,Bordeaux,fr Ligue 1,13,38,13,6,19,45,1.18,12th,3420,169,42,56,-14,49.8,14,36.8,37,4,4,0
237,2020-2021,Gladbach,de Bundesliga,13,34,13,10,11,49,1.44,8th,3060,142,64,56,8,51.7,7,20.6,53,10,11,1
238,2020-2021,Granada,es La Liga,13,38,13,7,18,46,1.21,9th,3420,176,47,65,-18,41.4,9,23.7,44,3,5,2
239,2019-2020,Osasuna,es La Liga,13,38,13,13,12,52,1.37,10th,3420,129,46,54,-8,47.4,11,28.9,38,8,8,0
240,2019-2020,Athletic Club,es La Liga,13,38,13,12,13,51,1.34,11th,3420,130,41,38,3,48.7,12,31.6,32,8,10,2
241,2019-2020,Wolfsburg,de Bundesliga,13,34,13,10,11,49,1.44,7th,3060,106,48,46,2,48.4,8,23.5,44,4,4,0
242,2019-2020,Freiburg,de Bundesliga,13,34,13,9,12,48,1.41,8th,3060,111,48,47,1,48.1,7,20.6,41,5,6,1
243,2019-2020,Everton,eng Premier League,13,38,13,10,15,49,1.29,12th,3420,120,44,56,-12,49,9,23.7,41,1,1,0
244,2019-2020,Eint Frankfurt,de Bundesliga,13,34,13,6,15,45,1.32,9th,3060,109,59,60,-1,50.9,5,14.7,55,2,2,0
245,2023-2024,Osasuna,es La Liga,12,38,12,9,17,45,1.18,11th,3420,182,45,56,-11,47.5,10,26.3,41,4,5,1
246,2023-2024,Genoa,it Serie A,12,38,12,13,13,49,1.29,11th,3420,160,45,45,0,44.1,9,23.7,38,5,6,1
247,2023-2024,Alavés,es La Liga,12,38,12,10,16,46,1.21,10th,3420,187,36,46,-10,41.8,11,28.9,30,3,7,4
248,2023-2024,Rennes,fr Ligue 1,12,34,12,10,12,46,1.35,10th,3060,160,53,46,7,52.1,7,20.6,43,10,11,1
249,2023-2024,Brighton,eng Premier League,12,38,12,12,14,48,1.26,11th,3420,176,55,62,-7,59.8,6,15.8,45,5,6,1
250,2022-2023,Reims,fr Ligue 1,12,38,12,15,11,51,1.34,11th,3420,162,45,45,0,48.7,14,36.8,38,7,8,1
251,2022-2023,Mainz 05,de Bundesliga,12,34,12,10,12,46,1.35,9th,3060,160,54,55,-1,44.8,7,20.6,50,4,6,2
252,2022-2023,Sassuolo,it Serie A,12,38,12,9,17,45,1.18,13th,3420,175,47,61,-14,49.2,9,23.7,37,9,10,1
253,2021-2022,Osasuna,es La Liga,12,38,12,11,15,47,1.24,10th,3420,175,37,51,-14,46.9,12,31.6,31,6,8,2
254,2021-2022,Bologna,it Serie A,12,38,12,10,16,46,1.21,13th,3420,171,44,55,-11,50.6,13,34.2,39,4,5,1
255,2021-2022,Montpellier,fr Ligue 1,12,38,12,7,19,43,1.13,13th,3420,162,49,61,-12,48.2,10,26.3,45,3,4,1
256,2021-2022,Gladbach,de Bundesliga,12,34,12,9,13,45,1.32,10th,3060,118,54,61,-7,54,5,14.7,49,5,7,2
257,2021-2022,Wolfsburg,de Bundesliga,12,34,12,6,16,42,1.24,12th,3060,139,43,54,-11,50.5,11,32.4,39,3,4,1
258,2021-2022,Bochum,de Bundesliga,12,34,12,6,16,42,1.24,13th,3060,140,38,52,-14,44.7,7,20.6,33,4,6,2
259,2021-2022,Brighton,eng Premier League,12,38,12,15,11,51,1.34,9th,3420,111,42,44,-2,54.4,11,28.9,36,4,7,3
260,2021-2022,Celta Vigo,es La Liga,12,38,12,10,16,46,1.21,11th,3420,155,43,43,0,55.2,14,36.8,40,3,6,3
261,2020-2021,Southampton,eng Premier League,12,38,12,7,19,43,1.13,15th,3420,101,47,68,-21,52,9,23.7,42,5,6,1
262,2020-2021,Crystal Palace,eng Premier League,12,38,12,8,18,44,1.16,14th,3420,95,41,66,-25,40.6,8,21.1,36,3,4,1
263,2020-2021,Stuttgart,de Bundesliga,12,34,12,9,13,45,1.32,9th,3060,156,56,55,1,51.5,5,14.7,48,6,8,2
264,2020-2021,Angers,fr Ligue 1,12,38,12,8,18,44,1.16,13th,3420,170,40,58,-18,46.4,9,23.7,35,5,6,1
265,2020-2021,Union Berlin,de Bundesliga,12,34,12,14,8,50,1.47,7th,3060,146,50,43,7,44.9,7,20.6,45,5,7,2
266,2020-2021,Wolves,eng Premier League,12,38,12,9,17,45,1.18,13th,3420,106,36,52,-16,49.3,10,26.3,30,4,4,0
267,2020-2021,Freiburg,de Bundesliga,12,34,12,9,13,45,1.32,10th,3060,152,52,52,0,47.3,6,17.6,45,6,6,0
268,2020-2021,Newcastle Utd,eng Premier League,12,38,12,9,17,45,1.18,12th,3420,109,46,62,-16,38.8,7,18.4,38,6,7,1
269,2020-2021,Saint-Étienne,fr Ligue 1,12,38,12,10,16,46,1.21,11th,3420,176,42,54,-12,48.3,12,31.6,34,6,9,3
270,2020-2021,Metz,fr Ligue 1,12,38,12,11,15,47,1.24,10th,3420,133,44,48,-4,45.2,8,21.1,35,7,11,4
271,2019-2020,Udinese,it Serie A,12,38,12,9,17,45,1.18,13th,3420,124,37,51,-14,44.7,14,36.8,37,0,0,0
272,2019-2020,Hellas Verona,it Serie A,12,38,12,13,13,49,1.29,9th,3420,128,47,51,-4,49.8,10,26.3,37,8,9,1
273,2019-2020,Bologna,it Serie A,12,38,12,11,15,47,1.24,12th,3420,136,52,65,-13,52.6,2,5.3,43,5,6,1
274,2019-2020,Fiorentina,it Serie A,12,38,12,13,13,49,1.29,10th,3420,129,51,48,3,47.4,11,28.9,39,9,11,2
275,2019-2020,Union Berlin,de Bundesliga,12,34,12,5,17,41,1.21,11th,3060,113,41,58,-17,41.9,8,23.5,34,4,5,1
276,2019-2020,Sampdoria,it Serie A,12,38,12,6,20,42,1.11,15th,3420,127,48,65,-17,42.7,9,23.7,39,9,12,3
277,2023-2024,Monza,it Serie A,11,38,11,12,15,45,1.18,12th,3420,189,39,51,-12,53.5,12,31.6,34,4,5,1
278,2023-2024,Toulouse,fr Ligue 1,11,34,11,10,13,43,1.26,11th,3060,154,42,46,-4,48.4,6,17.6,36,6,9,3
279,2023-2024,Werder Bremen,de Bundesliga,11,34,11,9,14,42,1.24,9th,3060,153,48,54,-6,46.8,7,20.6,40,5,6,1
280,2023-2024,Freiburg,de Bundesliga,11,34,11,9,14,42,1.24,10th,3060,144,45,58,-13,46.6,10,29.4,36,7,9,2
281,2023-2024,Eint Frankfurt,de Bundesliga,11,34,11,14,9,47,1.38,6th,3060,164,51,50,1,52.1,7,20.6,46,2,3,1
282,2022-2023,Udinese,it Serie A,11,38,11,13,14,46,1.21,12th,3420,174,47,48,-1,48,10,26.3,45,1,2,1
283,2022-2023,Valladolid,es La Liga,11,38,11,7,20,40,1.05,18th,3420,189,33,63,-30,48.7,9,23.7,29,3,4,1
284,2022-2023,Gladbach,de Bundesliga,11,34,11,10,13,43,1.26,10th,3060,133,52,55,-3,53.7,9,26.5,48,4,6,2
285,2022-2023,Crystal Palace,eng Premier League,11,38,11,12,15,45,1.18,11th,3420,138,40,49,-9,46.3,9,23.7,37,1,3,2
286,2022-2023,Bournemouth,eng Premier League,11,38,11,6,21,39,1.03,15th,3420,141,37,71,-34,40.4,8,21.1,37,0,0,0
287,2022-2023,Almería,es La Liga,11,38,11,8,19,41,1.08,17th,3420,187,49,65,-16,45.1,4,10.5,47,2,3,1
288,2022-2023,West Ham,eng Premier League,11,38,11,7,20,40,1.05,14th,3420,132,42,55,-13,42.1,9,23.7,35,6,8,2
289,2022-2023,Wolves,eng Premier League,11,38,11,8,19,41,1.08,13th,3420,165,31,58,-27,49.9,11,28.9,25,3,3,0
290,2022-2023,Chelsea,eng Premier League,11,38,11,11,16,44,1.16,12th,3420,173,38,47,-9,58.7,10,26.3,34,3,3,0
291,2022-2023,Valencia,es La Liga,11,38,11,9,18,42,1.11,16th,3420,176,42,45,-3,52,7,18.4,35,5,8,3
292,2022-2023,Celta Vigo,es La Liga,11,38,11,10,17,43,1.13,13th,3420,161,43,53,-10,50.2,10,26.3,39,2,3,1
293,2022-2023,Brest,fr Ligue 1,11,38,11,11,16,44,1.16,14th,3420,160,44,54,-10,44.9,9,23.7,36,7,8,1
294,2021-2022,Udinese,it Serie A,11,38,11,14,13,47,1.24,12th,3420,155,61,58,3,42.7,8,21.1,55,3,4,1
295,2021-2022,Crystal Palace,eng Premier League,11,38,11,15,12,48,1.26,12th,3420,108,50,46,4,51.1,12,31.6,44,6,8,2
296,2021-2022,Elche,es La Liga,11,38,11,9,18,42,1.11,13th,3420,179,40,52,-12,48.4,8,21.1,38,1,1,0
297,2021-2022,Reims,fr Ligue 1,11,38,11,13,14,46,1.21,12th,3420,168,43,44,-1,42.2,11,28.9,38,4,6,2
298,2021-2022,Rayo Vallecano,es La Liga,11,38,11,9,18,42,1.11,12th,3420,178,39,50,-11,49.9,9,23.7,34,4,4,0
299,2021-2022,Everton,eng Premier League,11,38,11,6,21,39,1.03,16th,3420,97,43,66,-23,40,8,21.1,36,6,7,1
300,2021-2022,Valencia,es La Liga,11,38,11,15,12,48,1.26,9th,3420,179,48,53,-5,43.6,12,31.6,37,8,9,1
301,2020-2021,Hoffenheim,de Bundesliga,11,34,11,10,13,43,1.26,11th,3060,130,52,54,-2,51.2,6,17.6,46,5,6,1
302,2020-2021,Osasuna,es La Liga,11,38,11,11,16,44,1.16,11th,3420,173,37,48,-11,43.2,11,28.9,31,5,6,1
303,2020-2021,Hellas Verona,it Serie A,11,38,11,12,15,45,1.18,10th,3420,170,46,48,-2,49.8,7,18.4,35,3,3,0
304,2020-2021,Athletic Club,es La Liga,11,38,11,13,14,46,1.21,10th,3420,177,46,42,4,49.9,9,23.7,39,4,5,1
305,2020-2021,Strasbourg,fr Ligue 1,11,38,11,9,18,42,1.11,15th,3420,144,49,58,-9,45.7,10,26.3,39,10,12,2
306,2020-2021,Lorient,fr Ligue 1,11,38,11,9,18,42,1.11,16th,3420,163,50,68,-18,44.6,5,13.2,40,9,10,1
307,2020-2021,Cádiz,es La Liga,11,38,11,11,16,44,1.16,12th,3420,180,36,58,-22,34.8,10,26.3,29,4,4,0
308,2020-2021,Brest,fr Ligue 1,11,38,11,8,19,41,1.08,17th,3420,146,50,66,-16,49.3,7,18.4,45,3,4,1
309,2019-2020,Torino,it Serie A,11,38,11,7,20,40,1.05,16th,3420,118,46,68,-22,47.4,7,18.4,37,7,8,1
310,2019-2020,Nice,fr Ligue 1,11,28,11,8,9,41,1.46,5th,2520,82,41,38,3,54.6,4,14.3,36,5,5,0
311,2019-2020,Hertha BSC,de Bundesliga,11,34,11,8,15,41,1.21,10th,3060,109,48,59,-11,44.7,9,26.5,42,3,3,0
312,2019-2020,Montpellier,fr Ligue 1,11,28,11,7,10,40,1.43,8th,2520,74,35,34,1,47.6,8,28.6,31,2,5,3
313,2019-2020,Crystal Palace,eng Premier League,11,38,11,10,17,43,1.13,14th,3420,98,31,50,-19,44.8,10,26.3,26,3,3,0
314,2019-2020,Angers,fr Ligue 1,11,28,11,6,11,39,1.39,11th,2520,80,28,33,-5,45.3,12,42.9,26,1,1,0
315,2019-2020,Mainz 05,de Bundesliga,11,34,11,4,19,37,1.09,13th,3060,117,44,65,-21,43.2,5,14.7,39,3,3,0
316,2019-2020,Newcastle Utd,eng Premier League,11,38,11,11,16,44,1.16,13th,3420,118,38,58,-20,39,11,28.9,38,0,1,1
317,2019-2020,Eibar,es La Liga,11,38,11,9,18,42,1.11,14th,3420,128,39,56,-17,46.3,11,28.9,31,7,10,3
318,2019-2020,Strasbourg,fr Ligue 1,11,27,11,5,11,38,1.41,10th,2430,80,32,32,0,49.6,8,29.6,29,3,4,1
319,2019-2020,Cagliari,it Serie A,11,38,11,12,15,45,1.18,14th,3420,129,52,56,-4,45.7,7,18.4,46,4,6,2
320,2019-2020,Lyon,fr Ligue 1,11,28,11,7,10,40,1.43,7th,2520,81,42,27,15,56.2,9,32.1,37,5,6,1
321,2019-2020,Nantes,fr Ligue 1,11,28,11,4,13,37,1.32,13th,2520,71,28,31,-3,48,10,35.7,21,2,2,0
322,2019-2020,Monaco,fr Ligue 1,11,28,11,7,10,40,1.43,9th,2520,76,44,44,0,50.9,7,25,40,4,4,0
323,2023-2024,Las Palmas,es La Liga,10,38,10,10,18,40,1.05,16th,3420,177,33,47,-14,59.2,8,21.1,30,3,5,2
324,2023-2024,Augsburg,de Bundesliga,10,34,10,9,15,39,1.15,11th,3060,158,50,60,-10,43.9,3,8.8,44,5,7,2
325,2023-2024,Heidenheim,de Bundesliga,10,34,10,12,12,42,1.24,8th,3060,156,50,55,-5,42.5,6,17.6,44,2,3,1
326,2023-2024,Montpellier,fr Ligue 1,10,34,10,12,12,42,1.24,12th,3060,140,43,48,-5,44.6,10,29.4,34,7,7,0
327,2023-2024,Wolfsburg,de Bundesliga,10,34,10,7,17,37,1.09,12th,3060,155,41,56,-15,48,6,17.6,39,2,3,1
328,2023-2024,Getafe,es La Liga,10,38,10,13,15,43,1.13,12th,3420,171,42,54,-12,44.8,10,26.3,36,6,7,1
329,2023-2024,Sevilla,es La Liga,10,38,10,11,17,41,1.08,14th,3420,168,48,54,-6,50.3,8,21.1,44,2,2,0
330,2023-2024,Strasbourg,fr Ligue 1,10,34,10,9,15,39,1.15,13th,3060,141,38,50,-12,44.3,5,14.7,33,3,4,1
331,2023-2024,Brentford,eng Premier League,10,38,10,9,19,39,1.03,16th,3420,170,56,65,-9,45.2,7,18.4,51,3,3,0
332,2023-2024,Celta Vigo,es La Liga,10,38,10,11,17,41,1.08,13th,3420,167,46,57,-11,46.1,6,15.8,42,3,5,2
333,2022-2023,Hoffenheim,de Bundesliga,10,34,10,6,18,36,1.06,12th,3060,157,48,57,-9,48.3,5,14.7,39,7,9,2
334,2022-2023,Werder Bremen,de Bundesliga,10,34,10,6,18,36,1.06,13th,3060,151,51,64,-13,49.3,4,11.8,45,5,6,1
335,2022-2023,Getafe,es La Liga,10,38,10,12,16,42,1.11,15th,3420,165,34,45,-11,39.9,13,34.2,29,5,8,3
336,2022-2023,Empoli,it Serie A,10,38,10,13,15,43,1.13,14th,3420,188,37,49,-12,47.3,9,23.7,33,2,2,0
337,2022-2023,Bochum,de Bundesliga,10,34,10,5,19,35,1.03,14th,3060,157,40,72,-32,46.1,5,14.7,34,3,3,0
338,2022-2023,Köln,de Bundesliga,10,34,10,12,12,42,1.24,11th,3060,160,49,54,-5,49.9,6,17.6,42,4,4,0
339,2022-2023,Cádiz,es La Liga,10,38,10,12,16,42,1.11,14th,3420,183,30,53,-23,41.9,13,34.2,25,4,5,1
340,2021-2022,Augsburg,de Bundesliga,10,34,10,8,16,38,1.12,14th,3060,169,39,56,-17,41.5,9,26.5,34,5,5,0
341,2021-2022,Mallorca,es La Liga,10,38,10,9,19,39,1.03,16th,3420,178,36,63,-27,45.3,9,23.7,27,6,7,1
342,2021-2022,Spezia,it Serie A,10,38,10,6,22,36,0.95,16th,3420,137,41,71,-30,42.7,7,18.4,35,3,5,2
343,2021-2022,Angers,fr Ligue 1,10,38,10,11,17,41,1.08,14th,3420,154,44,55,-11,48.4,8,21.1,32,9,9,0
344,2021-2022,Sampdoria,it Serie A,10,38,10,6,22,36,0.95,15th,3420,167,46,63,-17,46.1,7,18.4,40,2,4,2
345,2021-2022,Empoli,it Serie A,10,38,10,11,17,41,1.08,14th,3420,178,50,70,-20,47.4,7,18.4,40,7,7,0
346,2021-2022,Espanyol,es La Liga,10,38,10,12,16,42,1.11,14th,3420,181,40,53,-13,46.9,10,26.3,34,5,5,0
347,2021-2022,Eint Frankfurt,de Bundesliga,10,34,10,12,12,42,1.24,11th,3060,144,45,49,-4,49.6,5,14.7,42,1,2,1
348,2020-2021,Udinese,it Serie A,10,38,10,10,18,40,1.05,14th,3420,146,42,58,-16,46.3,8,21.1,36,4,4,0
349,2020-2021,Augsburg,de Bundesliga,10,34,10,6,18,36,1.06,13th,3060,141,36,54,-18,41.4,7,20.6,33,2,5,3
350,2020-2021,Bologna,it Serie A,10,38,10,11,17,41,1.08,12th,3420,172,51,65,-14,50.8,5,13.2,46,3,4,1
351,2020-2021,Genoa,it Serie A,10,38,10,12,16,42,1.11,11th,3420,180,47,58,-11,44.8,9,23.7,42,4,4,0
352,2020-2021,Burnley,eng Premier League,10,38,10,9,19,39,1.03,17th,3420,81,33,55,-22,42.1,11,28.9,29,3,3,0
353,2020-2021,Mainz 05,de Bundesliga,10,34,10,9,15,39,1.15,12th,3060,150,39,56,-17,40.7,5,14.7,34,5,5,0
354,2020-2021,Valencia,es La Liga,10,38,10,13,15,43,1.13,13th,3420,150,50,53,-3,46.9,7,18.4,40,8,10,2
355,2019-2020,Genoa,it Serie A,10,38,10,9,19,39,1.03,17th,3420,135,47,73,-26,49.5,7,18.4,35,11,16,5
356,2019-2020,West Ham,eng Premier League,10,38,10,9,19,39,1.03,16th,3420,107,49,62,-13,44.1,7,18.4,45,4,4,0
357,2019-2020,Reims,fr Ligue 1,10,28,10,11,7,41,1.46,6th,2520,81,26,21,5,48.9,12,42.9,21,5,5,0
358,2019-2020,Alavés,es La Liga,10,38,10,9,19,39,1.03,16th,3420,133,34,59,-25,41.5,9,23.7,28,6,6,0
359,2019-2020,Köln,de Bundesliga,10,34,10,6,18,36,1.06,14th,3060,117,51,69,-18,46.7,6,17.6,48,2,4,2
360,2019-2020,Betis,es La Liga,10,38,10,11,17,41,1.08,15th,3420,132,48,60,-12,56.7,6,15.8,42,6,8,2
361,2023-2024,Hellas Verona,it Serie A,9,38,9,11,18,38,1,13th,3420,179,38,51,-13,44.4,8,21.1,35,3,7,4
362,2023-2024,Union Berlin,de Bundesliga,9,34,9,6,19,33,0.97,15th,3060,167,33,58,-25,42.9,7,20.6,30,3,6,3
363,2023-2024,Empoli,it Serie A,9,38,9,9,20,36,0.95,17th,3420,184,29,54,-25,44,9,23.7,21,5,5,0
364,2023-2024,Nantes,fr Ligue 1,9,34,9,6,19,33,0.97,14th,3060,154,30,55,-25,44.8,8,23.5,26,4,5,1
365,2023-2024,Nott'ham Forest,eng Premier League,9,38,9,9,20,36,0.95,17th,3420,158,49,67,-18,40.6,4,10.5,48,1,1,0
366,2022-2023,Augsburg,de Bundesliga,9,34,9,7,18,34,1,15th,3060,150,42,63,-21,41.7,6,17.6,37,4,5,1
367,2022-2023,Leicester City,eng Premier League,9,38,9,7,22,34,0.89,18th,3420,138,51,68,-17,47.7,7,18.4,46,3,6,3
368,2022-2023,Strasbourg,fr Ligue 1,9,38,9,13,16,40,1.05,15th,3420,161,51,59,-8,45.9,6,15.8,43,5,7,2
369,2022-2023,Salernitana,it Serie A,9,38,9,15,14,42,1.11,15th,3420,177,48,62,-14,44.9,7,18.4,44,2,2,0
370,2022-2023,Nott'ham Forest,eng Premier League,9,38,9,11,18,38,1,16th,3420,159,38,68,-30,37.6,8,21.1,33,3,6,3
371,2021-2022,Hertha BSC,de Bundesliga,9,34,9,6,19,33,0.97,16th,3060,152,37,71,-34,43.7,6,17.6,32,3,3,0
372,2021-2022,Southampton,eng Premier League,9,38,9,13,16,40,1.05,15th,3420,110,43,67,-24,47.7,8,21.1,37,4,4,0
373,2021-2022,Troyes,fr Ligue 1,9,38,9,11,18,38,1,15th,3420,164,37,53,-16,44.4,9,23.7,29,6,7,1
374,2021-2022,Leeds United,eng Premier League,9,38,9,11,18,38,1,17th,3420,106,42,79,-37,52.3,5,13.2,37,5,5,0
375,2021-2022,Clermont Foot,fr Ligue 1,9,38,9,9,20,36,0.95,17th,3420,159,38,69,-31,50,8,21.1,34,2,3,1
376,2020-2021,Nîmes,fr Ligue 1,9,38,9,8,21,35,0.92,19th,3420,148,40,71,-31,44.4,8,21.1,33,7,8,1
377,2020-2021,Arminia,de Bundesliga,9,34,9,8,17,35,1.03,15th,3060,147,26,52,-26,42.3,11,32.4,22,1,2,1
378,2020-2021,Fiorentina,it Serie A,9,38,9,13,16,40,1.05,13th,3420,158,47,59,-12,46.3,9,23.7,38,6,6,0
379,2020-2021,Spezia,it Serie A,9,38,9,12,17,39,1.03,15th,3420,180,52,72,-20,51.9,5,13.2,48,4,5,1
380,2020-2021,Getafe,es La Liga,9,38,9,11,18,38,1,15th,3420,141,28,43,-15,43.3,14,36.8,24,3,5,2
381,2020-2021,Reims,fr Ligue 1,9,38,9,15,14,42,1.11,14th,3420,145,42,50,-8,44.9,10,26.3,34,5,5,0
382,2020-2021,Alavés,es La Liga,9,38,9,11,18,38,1,16th,3420,163,36,57,-21,42.8,9,23.7,30,5,8,3
383,2020-2021,Levante,es La Liga,9,38,9,14,15,41,1.08,14th,3420,184,46,57,-11,52.2,4,10.5,42,3,6,3
384,2020-2021,Cagliari,it Serie A,9,38,9,10,19,37,0.97,16th,3420,163,43,59,-16,44.8,7,18.4,39,4,5,1
385,2020-2021,Brighton,eng Premier League,9,38,9,14,15,41,1.08,16th,3420,108,40,46,-6,51.1,12,31.6,33,6,9,3
386,2020-2021,Nantes,fr Ligue 1,9,38,9,13,16,40,1.05,18th,3420,139,47,55,-8,43.9,5,13.2,39,8,9,1
387,2019-2020,Augsburg,de Bundesliga,9,34,9,9,16,36,1.06,15th,3060,111,45,63,-18,38.6,7,20.6,42,3,5,2
388,2019-2020,Bordeaux,fr Ligue 1,9,28,9,10,9,37,1.32,12th,2520,84,40,34,6,53.6,6,21.4,38,2,2,0
389,2019-2020,Valladolid,es La Liga,9,38,9,15,14,42,1.11,13th,3420,126,32,43,-11,44.7,12,31.6,28,3,6,3
390,2019-2020,Mallorca,es La Liga,9,38,9,6,23,33,0.87,19th,3420,132,40,65,-25,45,5,13.2,31,8,10,2
391,2019-2020,Bournemouth,eng Premier League,9,38,9,7,22,34,0.89,18th,3420,108,40,65,-25,44.1,5,13.2,34,4,4,0
392,2019-2020,Aston Villa,eng Premier League,9,38,9,8,21,35,0.92,17th,3420,113,41,67,-26,44.1,7,18.4,39,1,3,2
393,2019-2020,Schalke 04,de Bundesliga,9,34,9,12,13,39,1.15,12th,3060,106,38,58,-20,49,7,20.6,33,2,2,0
394,2019-2020,Brighton,eng Premier League,9,38,9,14,15,41,1.08,15th,3420,128,39,54,-15,52.2,9,23.7,34,1,2,1
395,2019-2020,Lecce,it Serie A,9,38,9,8,21,35,0.92,18th,3420,120,52,85,-33,44.8,3,7.9,41,11,15,4
396,2023-2024,Mallorca,es La Liga,8,38,8,16,14,40,1.05,15th,3420,186,33,44,-11,45,10,26.3,32,1,3,2
397,2023-2024,Frosinone,it Serie A,8,38,8,11,19,35,0.92,18th,3420,177,44,69,-25,49.7,7,18.4,36,8,10,2
398,2023-2024,Rayo Vallecano,es La Liga,8,38,8,14,16,38,1,17th,3420,186,29,48,-19,49.4,13,34.2,23,6,6,0
399,2023-2024,Cagliari,it Serie A,8,38,8,12,18,36,0.95,16th,3420,184,42,68,-26,42.1,5,13.2,37,4,6,2
400,2023-2024,Metz,fr Ligue 1,8,34,8,5,21,29,0.85,16th,3060,138,35,58,-23,35.6,6,17.6,31,4,6,2
401,2023-2024,Lecce,it Serie A,8,38,8,14,16,38,1,14th,3420,180,32,54,-22,44.9,7,18.4,27,3,5,2
402,2022-2023,Auxerre,fr Ligue 1,8,38,8,11,19,35,0.92,17th,3420,159,35,63,-28,43.3,7,18.4,25,7,9,2
403,2022-2023,Espanyol,es La Liga,8,38,8,13,17,37,0.97,19th,3420,169,52,69,-17,43.1,6,15.8,46,5,5,0
404,2022-2023,Everton,eng Premier League,8,38,8,12,18,36,0.95,17th,3420,116,34,57,-23,42.8,9,23.7,29,3,3,0
405,2022-2023,Lecce,it Serie A,8,38,8,12,18,36,0.95,16th,3420,184,33,46,-13,41.3,6,15.8,27,4,6,2
406,2021-2022,Getafe,es La Liga,8,38,8,15,15,39,1.03,15th,3420,153,33,41,-8,41.5,14,36.8,28,3,5,2
407,2021-2022,Alavés,es La Liga,8,38,8,7,23,31,0.82,20th,3420,167,31,65,-34,42,6,15.8,23,6,7,1
408,2021-2022,Levante,es La Liga,8,38,8,11,19,35,0.92,19th,3420,180,51,76,-25,47.2,7,18.4,43,8,13,5
409,2021-2022,Granada,es La Liga,8,38,8,14,16,38,1,18th,3420,175,44,61,-17,44.7,8,21.1,40,3,5,2
410,2021-2022,Lorient,fr Ligue 1,8,38,8,12,18,36,0.95,16th,3420,153,35,63,-28,44.4,11,28.9,32,3,3,0
411,2021-2022,Cádiz,es La Liga,8,38,8,15,15,39,1.03,17th,3420,172,35,51,-16,41.3,13,34.2,32,3,6,3
412,2020-2021,Hertha BSC,de Bundesliga,8,34,8,11,15,35,1.03,14th,3060,149,41,52,-11,49.6,9,26.5,36,4,6,2
413,2020-2021,Elche,es La Liga,8,38,8,12,18,36,0.95,17th,3420,152,34,55,-21,47.5,7,18.4,31,2,3,1
414,2020-2021,Köln,de Bundesliga,8,34,8,9,17,33,0.97,16th,3060,148,34,60,-26,46.3,5,14.7,29,4,6,2
415,2019-2020,Watford,eng Premier League,8,38,8,10,20,34,0.89,19th,3420,113,36,64,-28,42.9,9,23.7,28,7,8,1
416,2019-2020,Werder Bremen,de Bundesliga,8,34,8,7,19,31,0.91,16th,3060,117,42,69,-27,48.8,4,11.8,37,3,6,3
417,2019-2020,Leganés,es La Liga,8,38,8,12,18,36,0.95,18th,3420,130,30,51,-21,43.9,9,23.7,27,3,5,2
418,2019-2020,Saint-Étienne,fr Ligue 1,8,28,8,6,14,30,1.07,17th,2520,82,29,45,-16,48.2,5,17.9,23,5,5,0
419,2019-2020,Metz,fr Ligue 1,8,28,8,10,10,34,1.21,15th,2520,77,27,35,-8,45.3,8,28.6,25,2,4,2
420,2019-2020,Brest,fr Ligue 1,8,28,8,10,10,34,1.21,14th,2520,82,34,37,-3,49.8,8,28.6,31,1,5,4
421,2023-2024,Gladbach,de Bundesliga,7,34,7,13,14,34,1,14th,3060,167,56,67,-11,46.8,4,11.8,50,5,6,1
422,2023-2024,Le Havre,fr Ligue 1,7,34,7,11,16,32,0.94,15th,3060,163,34,45,-11,44.7,7,20.6,27,6,7,1
423,2023-2024,Mainz 05,de Bundesliga,7,34,7,14,13,35,1.03,13th,3060,148,39,51,-12,46.1,8,23.5,37,1,5,4
424,2023-2024,Bochum,de Bundesliga,7,34,7,12,15,33,0.97,16th,3060,146,42,74,-32,46.6,4,11.8,37,4,4,0
425,2023-2024,Lorient,fr Ligue 1,7,34,7,8,19,29,0.85,17th,3060,148,43,66,-23,46.3,4,11.8,40,1,1,0
426,2023-2024,Sassuolo,it Serie A,7,38,7,9,22,30,0.79,19th,3420,177,43,75,-32,43.8,3,7.9,35,7,8,1
427,2022-2023,Hellas Verona,it Serie A,7,38,7,10,21,31,0.82,18th,3420,184,31,59,-28,41.2,6,15.8,28,1,1,0
428,2022-2023,Hertha BSC,de Bundesliga,7,34,7,8,19,29,0.85,18th,3060,153,42,69,-27,42,3,8.8,35,7,7,0
429,2022-2023,Stuttgart,de Bundesliga,7,34,7,12,15,33,0.97,16th,3060,140,45,57,-12,50.2,2,5.9,40,5,5,0
430,2022-2023,Leeds United,eng Premier League,7,38,7,10,21,31,0.82,19th,3420,157,48,78,-30,47,5,13.2,44,1,3,2
431,2022-2023,Ajaccio,fr Ligue 1,7,38,7,5,26,26,0.68,18th,3420,172,23,74,-51,43.2,6,15.8,16,6,9,3
432,2022-2023,Schalke 04,de Bundesliga,7,34,7,10,17,31,0.91,17th,3060,145,35,71,-36,46,7,20.6,28,4,5,1
433,2022-2023,Nantes,fr Ligue 1,7,38,7,15,16,36,0.95,16th,3420,176,37,55,-18,45.9,11,28.9,32,3,5,2
434,2021-2022,Stuttgart,de Bundesliga,7,34,7,12,15,33,0.97,15th,3060,135,41,59,-18,50.7,4,11.8,39,1,3,2
435,2021-2022,Burnley,eng Premier League,7,38,7,14,17,35,0.92,18th,3420,96,34,53,-19,40.2,9,23.7,31,1,2,1
436,2021-2022,Salernitana,it Serie A,7,38,7,10,21,31,0.82,17th,3420,179,33,78,-45,41.2,2,5.3,28,4,5,1
437,2021-2022,Saint-Étienne,fr Ligue 1,7,38,7,11,20,32,0.84,18th,3420,185,42,77,-35,48.5,4,10.5,36,5,5,0
438,2020-2021,Torino,it Serie A,7,38,7,16,15,37,0.97,17th,3420,147,50,69,-19,47.3,8,21.1,44,5,6,1
439,2020-2021,Sheffield Utd,eng Premier League,7,38,7,2,29,23,0.61,20th,3420,103,20,63,-43,41.7,5,13.2,16,3,4,1
440,2020-2021,Benevento,it Serie A,7,38,7,12,19,33,0.87,18th,3420,178,40,75,-35,42.6,7,18.4,35,5,7,2
441,2020-2021,Werder Bremen,de Bundesliga,7,34,7,10,17,31,0.91,17th,3060,144,36,57,-21,43.9,6,17.6,30,5,5,0
442,2020-2021,Huesca,es La Liga,7,38,7,13,18,34,0.89,18th,3420,171,34,53,-19,48.3,9,23.7,29,3,4,1
443,2019-2020,Nîmes,fr Ligue 1,7,28,7,6,15,27,0.96,18th,2520,80,29,44,-15,45,7,25,27,2,2,0
444,2019-2020,Dijon,fr Ligue 1,7,28,7,9,12,30,1.07,16th,2520,82,27,37,-10,46.5,6,21.4,25,1,1,0
445,2019-2020,Celta Vigo,es La Liga,7,38,7,16,15,37,0.97,17th,3420,130,37,49,-12,51.7,12,31.6,31,6,9,3
446,2023-2024,Udinese,it Serie A,6,38,6,19,13,37,0.97,15th,3420,170,37,53,-16,39.3,9,23.7,33,3,4,1
447,2023-2024,Luton Town,eng Premier League,6,38,6,8,24,26,0.68,18th,3420,158,52,85,-33,42.4,2,5.3,44,5,5,0
448,2023-2024,Cádiz,es La Liga,6,38,6,15,17,33,0.87,18th,3420,186,26,55,-29,43.3,10,26.3,22,3,3,0
449,2022-2023,Southampton,eng Premier League,6,38,6,7,25,25,0.66,20th,3420,175,36,73,-37,44.5,4,10.5,34,2,4,2
450,2022-2023,Spezia,it Serie A,6,38,6,13,19,31,0.82,17th,3420,168,31,62,-31,47.4,6,15.8,25,4,4,0
451,2021-2022,Bordeaux,fr Ligue 1,6,38,6,13,19,31,0.82,20th,3420,182,52,91,-39,47.4,2,5.3,48,2,4,2
452,2021-2022,Watford,eng Premier League,6,38,6,5,27,23,0.61,19th,3420,106,34,77,-43,40.7,4,10.5,32,1,2,1
453,2021-2022,Venezia,it Serie A,6,38,6,9,23,27,0.71,20th,3420,183,34,69,-35,42.3,4,10.5,31,3,5,2
454,2021-2022,Cagliari,it Serie A,6,38,6,12,20,30,0.79,18th,3420,157,34,68,-34,44.5,3,7.9,31,3,4,1
455,2021-2022,Metz,fr Ligue 1,6,38,6,13,19,31,0.82,19th,3420,146,35,69,-34,42.9,8,21.1,32,1,1,0
456,2020-2021,Crotone,it Serie A,6,38,6,5,27,23,0.61,19th,3420,138,45,92,-47,46.3,3,7.9,35,9,9,0
457,2020-2021,Eibar,es La Liga,6,38,6,12,20,30,0.79,20th,3420,149,29,52,-23,49.3,9,23.7,25,4,9,5
458,2019-2020,Brescia,it Serie A,6,38,6,7,25,25,0.66,19th,3420,121,35,79,-44,40.6,6,15.8,30,4,4,0
459,2019-2020,Düsseldorf,de Bundesliga,6,34,6,12,16,30,0.88,17th,3060,115,36,67,-31,45.6,4,11.8,32,4,4,0
460,2023-2024,Burnley,eng Premier League,5,38,5,9,24,24,0.63,19th,3420,162,41,78,-37,47.4,2,5.3,37,3,3,0
461,2023-2024,Köln,de Bundesliga,5,34,5,12,17,27,0.79,17th,3060,160,28,60,-32,46.5,4,11.8,23,5,6,1
462,2023-2024,Clermont Foot,fr Ligue 1,5,34,5,10,19,25,0.74,18th,3060,156,26,60,-34,48.9,5,14.7,20,6,8,2
463,2022-2023,Elche,es La Liga,5,38,5,10,23,25,0.66,20th,3420,177,30,67,-37,45.5,4,10.5,26,4,5,1
464,2022-2023,Cremonese,it Serie A,5,38,5,12,21,27,0.71,19th,3420,185,36,69,-33,42.1,6,15.8,30,5,7,2
465,2021-2022,Norwich City,eng Premier League,5,38,5,7,26,22,0.58,20th,3420,114,23,84,-61,42.9,6,15.8,18,3,3,0
466,2021-2022,Arminia,de Bundesliga,5,34,5,13,16,28,0.82,17th,3060,150,27,53,-26,40.7,7,20.6,24,2,2,0
467,2020-2021,Valladolid,es La Liga,5,38,5,16,17,31,0.82,19th,3420,170,34,57,-23,45.2,3,7.9,27,7,8,1
468,2020-2021,West Brom,eng Premier League,5,38,5,11,22,26,0.68,19th,3420,104,35,76,-41,37.9,6,15.8,29,4,4,0
469,2020-2021,Fulham,eng Premier League,5,38,5,13,20,28,0.74,18th,3420,110,27,53,-26,49.7,9,23.7,23,3,6,3
470,2019-2020,Norwich City,eng Premier League,5,38,5,6,27,21,0.55,20th,3420,126,26,75,-49,49.3,5,13.2,23,2,2,0
471,2019-2020,SPAL,it Serie A,5,38,5,5,28,20,0.53,20th,3420,129,27,77,-50,46.9,3,7.9,22,5,7,2
472,2019-2020,Espanyol,es La Liga,5,38,5,10,23,25,0.66,20th,3420,130,27,58,-31,47.4,6,15.8,21,4,4,0
473,2023-2024,Granada,es La Liga,4,38,4,9,25,21,0.55,20th,3420,180,38,79,-41,45.6,3,7.9,30,5,8,3
474,2022-2023,Troyes,fr Ligue 1,4,38,4,12,22,24,0.63,19th,3420,141,45,81,-36,42.6,1,2.6,38,5,5,0
475,2022-2023,Angers,fr Ligue 1,4,38,4,6,28,18,0.47,20th,3420,157,33,81,-48,46.9,4,10.5,27,4,4,0
476,2021-2022,Genoa,it Serie A,4,38,4,16,18,28,0.74,19th,3420,179,27,60,-33,43.9,10,26.3,20,6,7,1
477,2020-2021,Dijon,fr Ligue 1,4,38,4,9,25,21,0.55,20th,3420,150,25,73,-48,46.2,6,15.8,22,3,5,2
478,2019-2020,Amiens,fr Ligue 1,4,28,4,11,13,23,0.82,19th,2520,83,31,50,-19,45.6,5,17.9,27,3,5,2
479,2019-2020,Paderborn 07,de Bundesliga,4,34,4,8,22,20,0.59,18th,3060,119,37,74,-37,45.9,5,14.7,35,2,4,2
480,2023-2024,Sheffield Utd,eng Premier League,3,38,3,7,28,16,0.42,20th,3420,152,35,104,-69,35.8,1,2.6,26,5,5,0
481,2023-2024,Darmstadt 98,de Bundesliga,3,34,3,8,23,17,0.5,18th,3060,163,30,86,-56,45.7,3,8.8,25,3,3,0
482,2023-2024,Almería,es La Liga,3,38,3,12,23,21,0.55,19th,3420,176,43,75,-32,46.4,6,15.8,40,2,2,0
483,2022-2023,Sampdoria,it Serie A,3,38,3,10,25,19,0.5,20th,3420,174,24,71,-47,46.1,4,10.5,22,1,2,1
484,2021-2022,Greuther Fürth,de Bundesliga,3,34,3,9,22,18,0.53,18th,3060,139,28,82,-54,43.6,6,17.6,21,5,5,0
485,2020-2021,Schalke 04,de Bundesliga,3,34,3,7,24,16,0.47,18th,3060,117,25,86,-61,44.7,4,11.8,24,0,3,3
486,2020-2021,Parma,it Serie A,3,38,3,11,24,20,0.53,20th,3420,167,39,83,-44,47.8,5,13.2,34,5,5,0
487,2019-2020,Toulouse,fr Ligue 1,3,28,3,4,21,13,0.46,20th,2520,82,22,58,-36,44.2,3,10.7,17,4,6,2
488,2023-2024,Salernitana,it Serie A,2,38,2,11,25,17,0.45,20th,3420,180,32,81,-49,44.5,2,5.3,30,2,2,0
